algorithm_name,sampler,problem_instance,problem_name,hv_value,params
MOEAD_DE,NSGAIIISampler,2,vibrating_platform,10350.997692511086,"npartitions = 24, CR = 0.7310335442208541, s1 = 0.09920570809136915, η = 38.84786314681416, s2 = 5.960345050826602, δ = 0.2617198144797036, F = 0.5540754906198003"
MOEAD_DE,NSGAIIISampler,3,two_bar_Truss_design_problems,4661.339701917175,"npartitions = 20, CR = 0.43914624778235034, s1 = 0.06786141560090088, η = 29.160905443999194, s2 = 7.409182305553903, δ = 0.3272115324526133, F = 0.5478738261448545"
MOEAD_DE,NSGAIIISampler,4,weldan_beam_design,7.175941561935164,"npartitions = 25, CR = 0.7564253302795373, s1 = 0.09574853449463176, η = 33.28385258901, s2 = 2.493356821836215, δ = 0.15114613490983964, F = 0.90114101559044"
MOEAD_DE,NSGAIIISampler,5,disc_brake_design,5.753671907244759,"npartitions = 26, CR = 0.6099246958967016, s1 = 0.05996902635613386, η = 21.545397330266685, s2 = 5.73847046067634, δ = 0.9972105227683101, F = 0.6797778123660895"
