algorithm_name,sampler,solutions
Run_1_disc_brake_design,NSGAIIISampler,"Any[[3.915267202564819, 1.2498940394848101], [3.0269019228507736, 1.377142782467375], [2.719862097856786, 1.5089632254597367], [2.541378973657163, 1.6608972286701325], [2.2611204985810427, 1.8180267374412444], [2.0909961825444663, 2.027294274413303], [1.9022478656351263, 2.181649941245883], [1.8040112473923877, 2.2978697460126094], [1.671861568392342, 2.4081350753361392], [1.5698159428022662, 2.5605369672136735], [1.4073319893984753, 2.9416958852934862], [1.3602729313587474, 3.0286371937230383], [1.3351946628745872, 3.239156575613661], [1.2803332597284827, 3.454122451859899], [1.2803332597284827, 3.454122451859899]]"
