algorithm_name,sampler,solutions
Run_1_weldan_beam_design,NSGAIIISampler,"Any[[121.22276845927765, 0.0006606588023432264], [1.7564615386281974, 0.014676078108702131], [1.7564615386281974, 0.014676078108702131]]"
