problem_name,best_HV,error,current_instance,confidence_interval_90,confidence_interval_95,confidence_interval_98,confidence_interval_99
water_tesource_management,9.635117775104346e6,0.09892179584829137,11,16,23,32,39
"[5.492034550554321e6,5.490095727200118e6,5.490095727200118e6,5.490095727200118e6,5.490061655693822e6,5.490061655693822e6,5.490061655693822e6,5.490061655693822e6,5.490061655693822e6,5.490004768449147e6,5.49006859257884e6,5.489959883204009e6,5.489976077513058e6,5.489976077513058e6,5.489976077513058e6,5.489976077513058e6,5.489976077513058e6,5.489976077513058e6,5.489976077513058e6,5.489976077513058e6,5.489976077513058e6,5.489976077701629e6,5.489976077701629e6,9.635094318945576e6,9.635094318945576e6,9.635117775104346e6,9.635117775104346e6,9.635117775104346e6,9.635117775104346e6,9.635117775104346e6,9.635117775104346e6,9.635117775104346e6,9.635117775104346e6,9.06418110062395e6,9.06418110062395e6,9.06418110062395e6,9.06418110062395e6,9.06418110062395e6,9.06418110062395e6,5.490005453453913e6,5.490005453453913e6,5.490005453453913e6,5.490005453453913e6,5.490005453453913e6,5.490005453453913e6,5.490005453453913e6,5.490005453453913e6,5.490005453453913e6,5.490005453453913e6,5.490005453453913e6,5.490005453453913e6,5.490005453453913e6,5.490005453453913e6,5.490005453453913e6,5.490005453453913e6,5.490005453453913e6,5.490005453453913e6,5.490005453453913e6,5.490005453453913e6,5.490005453453913e6,5.490005453453913e6,5.490005453453913e6,5.490005453453913e6,5.490005453453913e6,5.490005453453913e6,5.490005453453913e6,5.490005453453913e6,5.490005453453913e6,5.490005453453913e6,5.490005453453913e6,5.490005453453913e6,5.490005453453913e6,5.490005453453913e6,5.490005453453913e6,5.490005453453913e6,5.490005453453913e6,5.490005453453913e6,5.490005453453913e6,5.490005453453913e6,5.490005453453913e6,5.490005453453913e6,5.490005453453913e6,5.490005453453913e6,5.490005453453913e6,5.490005453453913e6,5.490005453453913e6,5.490005453453913e6,5.490005453453913e6,5.490005453453913e6,5.490005453453913e6,5.490005453453913e6,5.490005453453913e6,5.490005453453913e6,5.490005453453913e6,5.490005453453913e6,5.490005453453913e6,5.490005453453913e6,5.490005453453913e6,5.490005453453913e6,5.490005453453913e6]"
,,,,,
