algorithm_name,sampler,problem_instance,problem_name,hv_value,params
NSGA2,NSGAIIISampler,1,pressure_vessel,1.1172552569543904e13,"p_cr = 0.3799987150638112, N = 321, η_m = 27.839338580046707, η_cr = 60.26642628675497"
NSGA2,NSGAIIISampler,2,vibrating_platform,824.8182328249459,"p_cr = 0.8542613234502824, N = 271, η_m = 50.2419947438371, η_cr = 11.147486452915722"
NSGA2,NSGAIIISampler,3,two_bar_Truss_design_problems,8893.821065442642,"p_cr = 0.42210876867865055, N = 408, η_m = 93.00862699080368, η_cr = 99.35408540948767"
NSGA2,NSGAIIISampler,4,weldan_beam_design,7.607026241839331,"p_cr = 0.3778481151844796, N = 452, η_m = 74.05002825248637, η_cr = 1.3661286276531803"
NSGA2,NSGAIIISampler,5,disc_brake_design,6.100849110624493,"p_cr = 0.6188167534204325, N = 379, η_m = 22.47246090821099, η_cr = 68.11295289878781"
