algorithm_name,sampler,problem_instance,problem_name,hv_value,params
SPEA2,NSGAIIISampler,1,pressure_vessel,1.1127111869057186e13,"p_cr = 0.8856834926606937, N = 204, η_m = 81.11806767643931, η_cr = 29.175973101466646"
SPEA2,NSGAIIISampler,2,vibrating_platform,825.1030089484728,"p_cr = 0.7959529422651203, N = 127, η_m = 60.361361864214736, η_cr = 57.19667498318161"
SPEA2,NSGAIIISampler,3,two_bar_Truss_design_problems,8883.072436453787,"p_cr = 0.5860449826143169, N = 284, η_m = 52.1398834073879, η_cr = 38.768838974968624"
SPEA2,NSGAIIISampler,4,weldan_beam_design,7.603036478883986,"p_cr = 0.39480812024913003, N = 148, η_m = 69.07524251630902, η_cr = 63.94945707901749"
SPEA2,NSGAIIISampler,5,disc_brake_design,6.091113914627686,"p_cr = 0.29715877089991716, N = 367, η_m = 84.16349403033676, η_cr = 51.03690615713391"
